key,sample,location,location_code,state,state_code,location_macro,location_macro_code,beach_or_area,area_type,coord_lat,coord_lon,status,age_class,sex,previous_assignment,carapace_length_metres,carapace_width_metres,weight_kg,collection_date,library,extracted_from,source,obs,method,rg_id,rg_pl,rg_pm
0,8,Fernando de Noronha,FDN,Pernambuco,PE,Brazil,BR,Leão,feeding,,,,,F,cm,1.06,1.025,,2005-09-01T00:00:00-02:00,default,tissue,vilaca_2022,,ddRAD,NB500882.24.HVM3VBGXX.1,ILLUMINA,NextSeq 500
1,15,Pipa,PIP,Rio Grande do Norte,RN,Brazil,BR,Praia das Minas,nesting,,,,,F,ei,,,,2013-02-12T00:00:00-03:00,default,tissue,vilaca_2022,,ddRAD,NB500882.22.HHGJKBGXX.1,ILLUMINA,NextSeq 500
2,49,Fernando de Noronha,FDN,Pernambuco,PE,Brazil,BR,Leão,feeding,,,,,F,cm,1.15,1.04,,2006-03-03T00:00:00-02:00,default,tissue,vilaca_2022,,ddRAD,NB500882.24.HVM3VBGXX.1,ILLUMINA,NextSeq 500
3,66,Fernando de Noronha,FDN,Pernambuco,PE,Brazil,BR,Leão,feeding,,,,,F,cm,1.2,1.12,,2006-03-11T00:00:00-02:00,default,tissue,vilaca_2022,,ddRAD,NB500882.24.HVM3VBGXX.1,ILLUMINA,NextSeq 500
4,96,Fernando de Noronha,FDN,Pernambuco,PE,Brazil,BR,Bode,feeding,,,,,F,cm,1.02,0.94,,2006-03-30T00:00:00-02:00,default,tissue,vilaca_2022,,ddRAD,M01271.64.000000000-AHV8V.1,ILLUMINA,NextSeq 500
5,112,Guriri,GUR,Espírito Santo,ES,Brazil,BR,Barra Nova,nesting,,,,,,cc,1.03,0.93,,2004-11-26T01:41:00-03:00,default,tissue,arantes_unpublished,,ddRAD,NB500882.22.HHGJKBGXX.1,ILLUMINA,NextSeq 500
6,122,Pirambu,PIR,Sergipe,SE,Brazil,BR,Pirambu,nesting,,,,,F,lo,0.71,0.705,42.2,2005-05-10T00:00:00-03:00,default,tissue,arantes_unpublished,,ddRAD,NB500882.24.HVM3VBGXX.1,ILLUMINA,NextSeq 500
7,135,Pipa,PIP,Rio Grande do Norte,RN,Brazil,BR,Praia das Minas,nesting,,,,,F,ei,,,,2013-01-10T22:05:00-03:00,default,tissue,vilaca_2022,,ddRAD,NB500882.22.HHGJKBGXX.1,ILLUMINA,NextSeq 500
8,137,Pipa,PIP,Rio Grande do Norte,RN,Brazil,BR,Praia das Minas,nesting,,,,,F,ei,,,,2013-01-14T00:00:00-03:00,default,tissue,vilaca_2022,,ddRAD,NB500882.22.HHGJKBGXX.1,ILLUMINA,NextSeq 500
9,166,Praia de Guanabara,PGA,Espírito Santo,ES,Brazil,BR,Praia de Guanabara,nesting,,,,,,cc,0.99,0.93,,2004-12-22T20:27:00-03:00,default,tissue,vilaca_2022,,ddRAD,NB500882.22.HHGJKBGXX.1,ILLUMINA,NextSeq 500
10,183,Comboios,CMB,Espírito Santo,ES,Brazil,BR,Comboios,nesting,,,,,,cc,,,,2012-11-02T00:00:00-03:00,default,tissue,vilaca_2022,,ddRAD,NB500882.22.HHGJKBGXX.1,ILLUMINA,NextSeq 500
11,198,Pipa,PIP,Rio Grande do Norte,RN,Brazil,BR,Sibaúma,nesting,,,,,F,ei,,,,2013-01-20T21:35:00-03:00,default,tissue,vilaca_2022,,ddRAD,NB500882.22.HHGJKBGXX.1,ILLUMINA,NextSeq 500
12,208,Comboios,CMB,Espírito Santo,ES,Brazil,BR,Comboios,nesting,,,,,,cc,,,,2012-11-04T00:00:00-03:00,default,tissue,vilaca_2022,,ddRAD,NB500882.22.HHGJKBGXX.1,ILLUMINA,NextSeq 500
13,218,Povoação,POV,Espírito Santo,ES,Brazil,BR,Povoação,nesting,,,,,,cc,0.965,0.855,,2008-11-07T20:13:00-03:00,default,tissue,vilaca_2022,,ddRAD,NB500882.22.HHGJKBGXX.1,ILLUMINA,NextSeq 500
14,221,Praia do Forte,PDF,Bahia,BA,Brazil,BR,Praia do Forte,nesting,,,,,F,cc,0.951,0.877,,2007-11-19T22:00:00-03:00,default,tissue,vilaca_2022,,ddRAD,NB500882.22.HHGJKBGXX.1,ILLUMINA,NextSeq 500
15,229,Povoação,POV,Espírito Santo,ES,Brazil,BR,Povoação,nesting,,,,,,cc,,,,2012-11-06T00:29:00-03:00,default,tissue,vilaca_2022,,ddRAD,NB500882.22.HHGJKBGXX.1,ILLUMINA,NextSeq 500
16,237,Pipa,PIP,Rio Grande do Norte,RN,Brazil,BR,Praia das Minas,nesting,,,,,F,ei,,,,2013-01-29T21:05:00-03:00,default,tissue,vilaca_2022,,ddRAD,NB500882.22.HHGJKBGXX.1,ILLUMINA,NextSeq 500
17,239,Pipa,PIP,Rio Grande do Norte,RN,Brazil,BR,Praia das Minas,nesting,,,,,F,ei,,,,2013-01-30T19:05:00-03:00,default,tissue,vilaca_2022,,ddRAD,NB500882.22.HHGJKBGXX.1,ILLUMINA,NextSeq 500
18,244,Comboios,CMB,Espírito Santo,ES,Brazil,BR,Comboios,nesting,,,,,,cc,,,,2012-11-06T00:00:00-03:00,default,tissue,vilaca_2022,,ddRAD,NB500882.22.HHGJKBGXX.1,ILLUMINA,NextSeq 500
19,250,Pirambu,PIR,Sergipe,SE,Brazil,BR,Lagoa,nesting,,,,,F,lo,0.7,0.71,40,2005-10-26T00:00:00-03:00,default,tissue,arantes_unpublished,,ddRAD,NB500882.24.HVM3VBGXX.1,ILLUMINA,NextSeq 500
20,275,Praia do Forte,PDF,Bahia,BA,Brazil,BR,Praia do Forte,nesting,,,,,F,ei,0.965,0.887,91.2,2005-11-01T20:30:00-03:00,default,tissue,vilaca_2022,,ddRAD,NB500882.22.HHGJKBGXX.1,ILLUMINA,NextSeq 500
21,278,Povoação,POV,Espírito Santo,ES,Brazil,BR,Povoação,nesting,,,,,,cc,0.935,0.845,,2012-12-11T00:00:00-03:00,default,tissue,vilaca_2022,,ddRAD,NB500882.24.HVM3VBGXX.1,ILLUMINA,NextSeq 500
22,298,Povoação,POV,Espírito Santo,ES,Brazil,BR,Povoação,nesting,,,,,,cc,1.05,0.935,,2013-11-14T00:00:00-03:00,default,tissue,vilaca_2022,,ddRAD,NB500882.22.HHGJKBGXX.1,ILLUMINA,NextSeq 500
23,323,Comboios,CMB,Espírito Santo,ES,Brazil,BR,Comboios,nesting,,,,,,cc,,,,2012-11-11T00:00:00-03:00,default,tissue,vilaca_2022,,ddRAD,NB500882.22.HHGJKBGXX.1,ILLUMINA,NextSeq 500
24,333,Pipa,PIP,Rio Grande do Norte,RN,Brazil,BR,Chapadão,nesting,,,,,F,ei,,,,2013-02-06T00:55:00-03:00,default,tissue,vilaca_2022,,ddRAD,NB500882.22.HHGJKBGXX.1,ILLUMINA,NextSeq 500
25,335,Povoação,POV,Espírito Santo,ES,Brazil,BR,Povoação,nesting,,,,,,cc,0.935,0.85,,2012-11-18T00:20:00-03:00,default,tissue,vilaca_2022,,ddRAD,NB500882.22.HHGJKBGXX.1,ILLUMINA,NextSeq 500
26,363,Comboios,CMB,Espírito Santo,ES,Brazil,BR,Comboios,nesting,,,,,,cc,,,,2012-11-17T00:00:00-03:00,default,tissue,vilaca_2022,,ddRAD,NB500882.22.HHGJKBGXX.1,ILLUMINA,NextSeq 500
27,397,Pipa,PIP,Rio Grande do Norte,RN,Brazil,BR,Praia das Minas,nesting,,,,,F,ei,,,,2013-02-12T00:00:00-03:00,default,tissue,vilaca_2022,,ddRAD,NB500882.22.HHGJKBGXX.1,ILLUMINA,NextSeq 500
28,401,Pipa,PIP,Rio Grande do Norte,RN,Brazil,BR,Sibaúma,nesting,,,,,F,ei,,,,2013-02-13T00:00:00-03:00,default,tissue,vilaca_2022,,ddRAD,NB500882.22.HHGJKBGXX.1,ILLUMINA,NextSeq 500
29,417,Povoação,POV,Espírito Santo,ES,Brazil,BR,Povoação,nesting,,,,,,cc,0.99,0.89,,2009-11-29T21:51:00-03:00,default,tissue,vilaca_2022,,ddRAD,NB500882.22.HHGJKBGXX.1,ILLUMINA,NextSeq 500
30,433,Comboios,CMB,Espírito Santo,ES,Brazil,BR,Comboios,nesting,,,,,,cc,,,,2009-11-29T04:58:00-03:00,default,tissue,vilaca_2022,,ddRAD,NB500882.22.HHGJKBGXX.1,ILLUMINA,NextSeq 500
31,443,Santo Antonio,SAN,Bahia,BA,Brazil,BR,Santo Antonio,nesting,,-37.93191,,,F,cc,1.06,0.894,,2012-11-19T21:36:00-03:00,default,tissue,vilaca_2022,,ddRAD,NB500882.22.HHGJKBGXX.1,ILLUMINA,NextSeq 500
32,445,Santo Antonio,SAN,Bahia,BA,Brazil,BR,Santo Antonio,nesting,-12.44408,-37.92279,,,F,cc,1.02,0.91,,2012-11-19T01:05:00-03:00,default,tissue,vilaca_2022,,ddRAD,NB500882.22.HHGJKBGXX.1,ILLUMINA,NextSeq 500
33,469,Pipa,PIP,Rio Grande do Norte,RN,Brazil,BR,Olho D'água,nesting,,,,,F,ei,,,,2013-02-12T00:00:00-03:00,default,tissue,vilaca_2022,,ddRAD,NB500882.22.HHGJKBGXX.1,ILLUMINA,NextSeq 500
34,472,Pipa,PIP,Rio Grande do Norte,RN,Brazil,BR,Olho D'água,nesting,,,,,F,ei,,,,2013-02-13T19:15:00-03:00,default,tissue,vilaca_2022,,ddRAD,NB500882.24.HVM3VBGXX.1,ILLUMINA,NextSeq 500
35,473,Pipa,PIP,Rio Grande do Norte,RN,Brazil,BR,Olho D'água,nesting,,,,,F,ei,,,,2013-02-13T00:00:00-03:00,default,tissue,vilaca_2022,,ddRAD,NB500882.22.HHGJKBGXX.1,ILLUMINA,NextSeq 500
36,474,Pirambu,PIR,Sergipe,SE,Brazil,BR,Lagoa,nesting,,,,,F,lo,0.795,0.795,59.8,2005-11-15T00:00:00-03:00,default,tissue,vilaca_2022,,ddRAD,NB500882.24.HVM3VBGXX.1,ILLUMINA,NextSeq 500
37,475,Pipa,PIP,Rio Grande do Norte,RN,Brazil,BR,Olho D'água,nesting,,,,,F,ei,,,,2013-02-13T06:30:00-03:00,default,tissue,vilaca_2022,,ddRAD,NB500882.22.HHGJKBGXX.1,ILLUMINA,NextSeq 500
38,476,Pipa,PIP,Rio Grande do Norte,RN,Brazil,BR,Olho D'água,nesting,,,,,F,ei,,,,2013-02-14T19:20:00-03:00,default,tissue,vilaca_2022,,ddRAD,NB500882.22.HHGJKBGXX.1,ILLUMINA,NextSeq 500
39,478,Praia do Forte,PDF,Bahia,BA,Brazil,BR,Praia do Forte,nesting,,,,,F,cc,0.975,0.88,,2007-11-24T00:00:00-03:00,default,tissue,vilaca_2022,,ddRAD,NB500882.22.HHGJKBGXX.1,ILLUMINA,NextSeq 500
40,479,Pipa,PIP,Rio Grande do Norte,RN,Brazil,BR,Olho D'água,nesting,,,,,F,ei,,,,2013-02-14T03:30:00-03:00,default,tissue,vilaca_2022,,ddRAD,NB500882.22.HHGJKBGXX.1,ILLUMINA,NextSeq 500
41,481,Pipa,PIP,Rio Grande do Norte,RN,Brazil,BR,Olho D'água,nesting,,,,,F,ei,,,,2013-02-15T22:00:00-03:00,default,tissue,arantes_unpublished,,ddRAD,NB500882.22.HHGJKBGXX.1,ILLUMINA,NextSeq 500
42,482,Pipa,PIP,Rio Grande do Norte,RN,Brazil,BR,Olho D'água,nesting,,,,,F,ei,,,,2013-02-15T23:00:00-03:00,default,tissue,vilaca_2022,,ddRAD,NB500882.22.HHGJKBGXX.1,ILLUMINA,NextSeq 500
43,488,Pipa,PIP,Rio Grande do Norte,RN,Brazil,BR,Malemba,nesting,,,,,F,ei,,,,2013-02-10T00:55:00-03:00,default,tissue,vilaca_2022,,ddRAD,NB500882.22.HHGJKBGXX.1,ILLUMINA,NextSeq 500
44,497,Pipa,PIP,Rio Grande do Norte,RN,Brazil,BR,Malemba,nesting,,,,,F,ei,,,,2013-02-14T02:00:00-03:00,default,tissue,vilaca_2022,,ddRAD,NB500882.24.HVM3VBGXX.1,ILLUMINA,NextSeq 500
45,505,Pipa,PIP,Rio Grande do Norte,RN,Brazil,BR,Baia Formosa,nesting,,,,,F,ei,,,,2013-02-11T22:35:00-03:00,default,tissue,vilaca_2022,,ddRAD,NB500882.22.HHGJKBGXX.1,ILLUMINA,NextSeq 500
46,513,Pipa,PIP,Rio Grande do Norte,RN,Brazil,BR,Baia Formosa,nesting,,,,,F,ei,,,,2013-02-15T01:30:00-03:00,default,tissue,vilaca_2022,,ddRAD,NB500882.22.HHGJKBGXX.1,ILLUMINA,NextSeq 500
47,520,Praia do Forte,PDF,Bahia,BA,Brazil,BR,Praia do Forte,nesting,,,,,F,cc,0.95,0.88,,2007-11-28T22:57:00-03:00,default,tissue,vilaca_2022,,ddRAD,NB500882.22.HHGJKBGXX.1,ILLUMINA,NextSeq 500
48,526,Pipa,PIP,Rio Grande do Norte,RN,Brazil,BR,Baia Formosa,nesting,,,,,F,ei,,,,2013-02-11T00:00:00-03:00,default,tissue,vilaca_2022,,ddRAD,NB500882.24.HVM3VBGXX.1,ILLUMINA,NextSeq 500
49,539,Santo Antonio,SAN,Bahia,BA,Brazil,BR,Imbassaí,nesting,,,,,F,cc,0.947,0.837,,2012-11-27T23:15:00-03:00,default,tissue,vilaca_2022,,ddRAD,NB500882.22.HHGJKBGXX.1,ILLUMINA,NextSeq 500
50,553,Santo Antonio,SAN,Bahia,BA,Brazil,BR,Santo Antonio,nesting,,,,,F,cc,1.049,0.943,,2012-11-28T00:40:00-03:00,default,tissue,vilaca_2022,,ddRAD,NB500882.22.HHGJKBGXX.1,ILLUMINA,NextSeq 500
51,561,Comboios,CMB,Espírito Santo,ES,Brazil,BR,Comboios,nesting,,,,,,cc,,,,2012-12-03T00:00:00-03:00,default,tissue,vilaca_2022,,ddRAD,NB500882.22.HHGJKBGXX.1,ILLUMINA,NextSeq 500
52,562,Comboios,CMB,Espírito Santo,ES,Brazil,BR,Comboios,nesting,,,,,,cc,,,,2012-12-03T00:00:00-03:00,default,tissue,vilaca_2022,,ddRAD,NB500882.22.HHGJKBGXX.1,ILLUMINA,NextSeq 500
53,620,Povoação,POV,Espírito Santo,ES,Brazil,BR,Povoação,nesting,,,,,,cc,0.865,0.82,,2009-01-01T23:20:00-03:00,default,tissue,arantes_unpublished,,ddRAD,NB500882.22.HHGJKBGXX.1,ILLUMINA,NextSeq 500
54,631,Arembepe,ABP,Bahia,BA,Brazil,BR,Busca Vida,nesting,,,,,F,ei,1,0.885,,2005-11-17T23:00:00-03:00,default,tissue,arantes_unpublished,,ddRAD,NB500882.22.HHGJKBGXX.1,ILLUMINA,NextSeq 500
55,654,Pipa,PIP,Rio Grande do Norte,RN,Brazil,BR,Pipa,nesting,,,,,F,ei,,,,2013-03-06T00:00:00-03:00,default,tissue,vilaca_2022,,ddRAD,NB500882.22.HHGJKBGXX.1,ILLUMINA,NextSeq 500
56,674,Pirambu,PIR,Sergipe,SE,Brazil,BR,Pirambu,nesting,,,,,F,lo,0.71,0.69,,2005-11-25T00:00:00-03:00,default,tissue,arantes_unpublished,,ddRAD,NB500882.24.HVM3VBGXX.1,ILLUMINA,NextSeq 500
57,736,Praia do Forte,PDF,Bahia,BA,Brazil,BR,Praia do Forte,nesting,,,,,F,cc,0.94,0.845,,2007-02-19T01:40:00-03:00,default,tissue,arantes_unpublished,,ddRAD,NB500882.22.HHGJKBGXX.1,ILLUMINA,NextSeq 500
58,738,Praia do Forte,PDF,Bahia,BA,Brazil,BR,Praia do Forte,nesting,,,,,F,cc,1.06,1.01,,2007-02-19T22:56:00-03:00,default,tissue,vilaca_2022,,ddRAD,NB500882.22.HHGJKBGXX.1,ILLUMINA,NextSeq 500
59,820,Praia do Forte,PDF,Bahia,BA,Brazil,BR,Praia do Forte,nesting,-12.55099,-37.9865,,,F,ei,0.985,0.93,,2012-12-18T04:57:00-03:00,default,tissue,arantes_unpublished,,ddRAD,NB500882.22.HHGJKBGXX.1,ILLUMINA,NextSeq 500
60,826,Pipa,PIP,Rio Grande do Norte,RN,Brazil,BR,Praia das Minas,nesting,,,,,F,ei,,,,2013-03-19T19:15:00-03:00,default,tissue,vilaca_2022,,ddRAD,NB500882.22.HHGJKBGXX.1,ILLUMINA,NextSeq 500
61,839,Santo Antonio,SAN,Bahia,BA,Brazil,BR,Santo Antonio,nesting,-12.44754,-27.92475,,,F,cc,0.923,0.861,,2012-12-19T02:06:00-03:00,default,tissue,vilaca_2022,,ddRAD,NB500882.22.HHGJKBGXX.1,ILLUMINA,NextSeq 500
62,840,Santo Antonio,SAN,Bahia,BA,Brazil,BR,Imbassaí,nesting,-12.48869,-37.95352,,,F,ei,0.915,0.882,,2011-12-09T23:20:00-03:00,default,tissue,vilaca_2022,,ddRAD,NB500882.22.HHGJKBGXX.1,ILLUMINA,NextSeq 500
63,846,Santo Antonio,SAN,Bahia,BA,Brazil,BR,Porto do Sauipe,nesting,,,,,F,cc,0.966,0.854,,2011-12-09T21:07:00-03:00,default,tissue,vilaca_2022,,ddRAD,NB500882.22.HHGJKBGXX.1,ILLUMINA,NextSeq 500
64,881,Santo Antonio,SAN,Bahia,BA,Brazil,BR,Imbassaí,nesting,-12.4905,-37.95461,,,F,ei,1.055,0.902,,2011-12-12T21:14:00-03:00,default,tissue,vilaca_2022,,ddRAD,NB500882.22.HHGJKBGXX.1,ILLUMINA,NextSeq 500
65,889,Santo Antonio,SAN,Bahia,BA,Brazil,BR,Imbassaí,nesting,,,,,F,cc,0.93,0.872,,2011-12-13T21:24:00-03:00,default,tissue,arantes_unpublished,,ddRAD,NB500882.22.HHGJKBGXX.1,ILLUMINA,NextSeq 500
66,919,Santo Antonio,SAN,Bahia,BA,Brazil,BR,Imbassaí,nesting,,,,,F,ei,0.98,0.855,,2006-01-22T23:50:00-03:00,default,tissue,arantes_unpublished,,ddRAD,NB500882.22.HHGJKBGXX.1,ILLUMINA,NextSeq 500
67,985,Santo Antonio,SAN,Bahia,BA,Brazil,BR,Imbassaí,nesting,,,,,F,cc,0.96,0.88,,2011-12-19T22:45:00-03:00,default,tissue,vilaca_2022,,ddRAD,NB500882.22.HHGJKBGXX.1,ILLUMINA,NextSeq 500
68,1026,Santo Antonio,SAN,Bahia,BA,Brazil,BR,Santo Antonio,nesting,-12.45879,-37.93219,,,F,ei,0.964,0.885,,2011-12-21T23:33:00-03:00,default,tissue,vilaca_2022,,ddRAD,NB500882.22.HHGJKBGXX.1,ILLUMINA,NextSeq 500
69,1052,Santo Antonio,SAN,Bahia,BA,Brazil,BR,Santo Antonio,nesting,,,,,F,cc,1,0.864,,2011-12-23T23:00:00-03:00,default,tissue,arantes_unpublished,,ddRAD,NB500882.22.HHGJKBGXX.1,ILLUMINA,NextSeq 500
70,1076,Praia do Forte,PDF,Bahia,BA,Brazil,BR,Barra de Jacuípe,nesting,,,,,F,ei,0.997,0.897,,2006-01-16T20:40:00-03:00,default,tissue,arantes_unpublished,,ddRAD,NB500882.22.HHGJKBGXX.1,ILLUMINA,NextSeq 500
71,1087,Santo Antonio,SAN,Bahia,BA,Brazil,BR,Imbassaí,nesting,,,,,F,cc,0.988,0.862,,2011-12-26T21:17:00-03:00,default,tissue,vilaca_2022,,ddRAD,NB500882.22.HHGJKBGXX.1,ILLUMINA,NextSeq 500
72,1141,Praia do Forte,PDF,Bahia,BA,Brazil,BR,Praia do Forte,nesting,-12.54411,-37.98294,,,F,cc,,,,2013-01-07T00:00:00-03:00,default,tissue,vilaca_2022,,ddRAD,NB500882.22.HHGJKBGXX.1,ILLUMINA,NextSeq 500
73,1167,Praia do Forte,PDF,Bahia,BA,Brazil,BR,Praia do Forte,nesting,,,,,F,cc,0.951,0.879,,2007-02-03T22:34:00-03:00,default,tissue,arantes_unpublished,,ddRAD,NB500882.22.HHGJKBGXX.1,ILLUMINA,NextSeq 500
74,1174,Praia do Forte,PDF,Bahia,BA,Brazil,BR,Itacimirim,nesting,,,,,F,ei,0.96,0.82,,2006-01-27T20:40:00-03:00,default,tissue,arantes_unpublished,,ddRAD,NB500882.22.HHGJKBGXX.1,ILLUMINA,NextSeq 500
75,1212,Praia do Forte,PDF,Bahia,BA,Brazil,BR,Praia do Forte,nesting,-12.55773,-37.99113,,,F,cc,0.997,0.925,,2013-01-14T01:40:00-03:00,default,tissue,vilaca_2022,,ddRAD,NB500882.22.HHGJKBGXX.1,ILLUMINA,NextSeq 500
76,1274,Pirambu,PIR,Sergipe,SE,Brazil,BR,Pirambu,nesting,,,,,F,lo,0.66,0.68,35.8,2006-01-11T00:00:00-03:00,default,tissue,arantes_unpublished,,ddRAD,NB500882.24.HVM3VBGXX.1,ILLUMINA,NextSeq 500
77,1451,Santo Antonio,SAN,Bahia,BA,Brazil,BR,Santo Antonio,nesting,-12.45171,-37.92779,,,F,ei,0.915,0.817,,2012-01-30T20:50:00-03:00,default,tissue,vilaca_2022,,ddRAD,NB500882.22.HHGJKBGXX.1,ILLUMINA,NextSeq 500
78,1482,Praia do Forte,PDF,Bahia,BA,Brazil,BR,Praia do Forte,nesting,-12.55575,-37.98935,,,F,cc,0.912,0.827,,2013-02-02T23:29:00-03:00,default,tissue,vilaca_2022,,ddRAD,NB500882.22.HHGJKBGXX.1,ILLUMINA,NextSeq 500
79,1483,Pirambu,PIR,Sergipe,SE,Brazil,BR,Pirambu,nesting,,,,,F,lo,0.71,0.71,,2013-12-12T00:00:00-03:00,default,tissue,arantes_unpublished,,ddRAD,NB500882.24.HVM3VBGXX.1,ILLUMINA,NextSeq 500
80,1491,Santo Antonio,SAN,Bahia,BA,Brazil,BR,Imbassaí,nesting,-12.47826,-37.94609,,,F,cc,1.023,0.96,,2013-02-18T01:15:00-03:00,default,tissue,vilaca_2022,,ddRAD,NB500882.22.HHGJKBGXX.1,ILLUMINA,NextSeq 500
81,1524,Pirambu,PIR,Sergipe,SE,Brazil,BR,Pirambu,nesting,,,,,F,lo,0.695,0.67,,2006-01-29T00:00:00-03:00,default,tissue,vilaca_2022,,ddRAD,NB500882.24.HVM3VBGXX.1,ILLUMINA,NextSeq 500
82,1564,Praia do Forte,PDF,Bahia,BA,Brazil,BR,Praia do Forte,nesting,-12.55831,-37.99162,,,F,cc,1.103,0.924,,2013-02-07T02:30:00-03:00,default,tissue,vilaca_2022,,ddRAD,NB500882.22.HHGJKBGXX.1,ILLUMINA,NextSeq 500
83,1591,Praia do Forte,PDF,Bahia,BA,Brazil,BR,Praia do Forte,nesting,-12.51359,-37.968559,,,F,cc,0.965,0.934,,2013-02-11T00:40:00-03:00,default,tissue,vilaca_2022,,ddRAD,NB500882.22.HHGJKBGXX.1,ILLUMINA,NextSeq 500
84,1592,Praia do Forte,PDF,Bahia,BA,Brazil,BR,Praia do Forte,nesting,-12.55847,-37.99174,,,F,cc,1.052,0.912,,2013-02-11T01:35:00-03:00,default,tissue,vilaca_2022,,ddRAD,NB500882.22.HHGJKBGXX.1,ILLUMINA,NextSeq 500
85,1609,Pirambu,PIR,Sergipe,SE,Brazil,BR,Pirambu,nesting,,,,,F,lo,0.72,0.735,,2013-12-22T00:00:00-03:00,default,tissue,arantes_unpublished,,ddRAD,NB500882.24.HVM3VBGXX.1,ILLUMINA,NextSeq 500
86,1612,Praia do Forte,PDF,Bahia,BA,Brazil,BR,Praia do Forte,nesting,-12.52638,-37.97611,,,F,cc,1.02,0.92,,2013-02-12T22:41:00-03:00,default,tissue,vilaca_2022,,ddRAD,NB500882.22.HHGJKBGXX.1,ILLUMINA,NextSeq 500
87,1623,Arembepe,ABP,Bahia,BA,Brazil,BR,Busca Vida,nesting,,,,,F,ei,0.96,0.85,,2007-01-23T01:00:00-03:00,default,tissue,vilaca_2022,,ddRAD,NB500882.22.HHGJKBGXX.1,ILLUMINA,NextSeq 500
88,1629,Praia do Forte,PDF,Bahia,BA,Brazil,BR,Praia do Forte,nesting,-12.55813,-37.99143,,,F,cc,,,,2013-02-13T01:08:00-03:00,default,tissue,vilaca_2022,,ddRAD,NB500882.22.HHGJKBGXX.1,ILLUMINA,NextSeq 500
89,1630,Praia do Forte,PDF,Bahia,BA,Brazil,BR,Praia do Forte,nesting,-12.55675,-37.99031,,,F,cc,0.98,0.899,,2013-02-13T01:33:00-03:00,default,tissue,vilaca_2022,,ddRAD,NB500882.22.HHGJKBGXX.1,ILLUMINA,NextSeq 500
90,1637,Praia do Forte,PDF,Bahia,BA,Brazil,BR,Praia do Forte,nesting,-12.55786,-37.99128,,,F,ei,0.91,0.824,,2013-02-14T21:45:00-03:00,default,tissue,vilaca_2022,,ddRAD,NB500882.22.HHGJKBGXX.1,ILLUMINA,NextSeq 500
91,341,Arembepe,ABP,Bahia,BA,Brazil,BR,Arembepe,nesting,,,,,F,ei,0.997,0.938,,2009-01-08T04:25:00-03:00,default,tissue,vilaca_2022,,ddRAD,NB500882.22.HHGJKBGXX.1,ILLUMINA,NextSeq 500
92,1641,Santo Antonio,SAN,Bahia,BA,Brazil,BR,Santo Antonio,nesting,-12.42388,-37.90698,,,F,ei,0.932,0.81,,2012-02-24T21:25:00-03:00,default,tissue,vilaca_2022,,ddRAD,NB500882.22.HHGJKBGXX.1,ILLUMINA,NextSeq 500
93,1648,Praia do Forte,PDF,Bahia,BA,Brazil,BR,Praia do Forte,nesting,-12.57703,-38.00135,,,F,ei,0.94,0.829,,2013-02-13T05:28:00-03:00,default,tissue,vilaca_2022,,ddRAD,NB500882.22.HHGJKBGXX.1,ILLUMINA,NextSeq 500
94,1660,Praia do Forte,PDF,Bahia,BA,Brazil,BR,Praia do Forte,nesting,-12.54478,-37.98305,,,F,cc,0.956,0.843,,2013-02-15T21:56:00-03:00,default,tissue,vilaca_2022,,ddRAD,NB500882.22.HHGJKBGXX.1,ILLUMINA,NextSeq 500
95,1704,Praia do Forte,PDF,Bahia,BA,Brazil,BR,Praia do Forte,nesting,-12.55892,-37.99216,,,F,cc,1.065,0.942,,2013-02-18T23:40:00-03:00,default,tissue,vilaca_2022,,ddRAD,NB500882.22.HHGJKBGXX.1,ILLUMINA,NextSeq 500
96,1738,Praia do Forte,PDF,Bahia,BA,Brazil,BR,Praia do Forte,nesting,-12.51357,-37.96864,,,F,cc,1.039,0.89,,2013-02-25T20:48:00-03:00,default,tissue,vilaca_2022,,ddRAD,NB500882.22.HHGJKBGXX.1,ILLUMINA,NextSeq 500
97,1749,Praia do Forte,PDF,Bahia,BA,Brazil,BR,Praia do Forte,nesting,-12.56894,-37.99665,,,F,ei,0.942,0.83,,2013-02-27T20:10:00-03:00,default,tissue,vilaca_2022,,ddRAD,NB500882.22.HHGJKBGXX.1,ILLUMINA,NextSeq 500
98,2109,Pirambu,PIR,Sergipe,SE,Brazil,BR,Pirambu,nesting,,,,,F,lo,0.7,0.73,,2014-01-17T00:00:00-03:00,default,tissue,arantes_unpublished,,ddRAD,NB500882.24.HVM3VBGXX.1,ILLUMINA,NextSeq 500
99,AB11F4,Abrolhos,ABR,Bahia,BA,Brazil,BR,Abrolhos,nesting_feeding,,,dead,hatchling,,cc_ei,,,,,Good1,tissue,arantes_2020,"cc nesting, ei and cm feeding",3RAD,K00302.86.H2CTHBBXX.8,ILLUMINA,HiSeq 4000
100,AB11F5,Abrolhos,ABR,Bahia,BA,Brazil,BR,Abrolhos,nesting_feeding,,,dead,hatchling,,cc_ei,,,,,Good1,tissue,arantes_2020,"cc nesting, ei and cm feeding",3RAD,K00302.86.H2CTHBBXX.8,ILLUMINA,HiSeq 4000
101,AB12F1,Abrolhos,ABR,Bahia,BA,Brazil,BR,Abrolhos,nesting_feeding,,,dead,hatchling,,cc,,,,,Good1,tissue,arantes_2020,"cc nesting, ei and cm feeding",3RAD,K00302.86.H2CTHBBXX.8,ILLUMINA,HiSeq 4000
102,AB12F4,Abrolhos,ABR,Bahia,BA,Brazil,BR,Abrolhos,nesting_feeding,,,dead,hatchling,,cc,,,,,Good1,tissue,arantes_2020,"cc nesting, ei and cm feeding",3RAD,K00302.86.H2CTHBBXX.8,ILLUMINA,HiSeq 4000
103,AB13F2,Abrolhos,ABR,Bahia,BA,Brazil,BR,Abrolhos,nesting_feeding,,,dead,hatchling,,cc,,,,,Good1,tissue,arantes_2020,"cc nesting, ei and cm feeding",3RAD,K00302.86.H2CTHBBXX.8,ILLUMINA,HiSeq 4000
104,AB13F4,Abrolhos,ABR,Bahia,BA,Brazil,BR,Abrolhos,nesting_feeding,,,dead,hatchling,,cc,,,,,Good2,tissue,arantes_2020,"cc nesting, ei and cm feeding",3RAD,K00302.86.H2CTHBBXX.8,ILLUMINA,HiSeq 4000
105,AB13F5,Abrolhos,ABR,Bahia,BA,Brazil,BR,Abrolhos,nesting_feeding,,,dead,hatchling,,cc,,,,,Bad1,tissue,arantes_2020,"cc nesting, ei and cm feeding",3RAD,K00302.86.H2CTHBBXX.8,ILLUMINA,HiSeq 4000
106,AB16F1,Abrolhos,ABR,Bahia,BA,Brazil,BR,Abrolhos,nesting_feeding,,,dead,hatchling,,cc,,,,,Good2,tissue,arantes_2020,"cc nesting, ei and cm feeding",3RAD,K00302.86.H2CTHBBXX.8,ILLUMINA,HiSeq 4000
107,AB16F4,Abrolhos,ABR,Bahia,BA,Brazil,BR,Abrolhos,nesting_feeding,,,dead,hatchling,,cc,,,,,Good2,tissue,arantes_2020,"cc nesting, ei and cm feeding",3RAD,K00302.86.H2CTHBBXX.8,ILLUMINA,HiSeq 4000
108,AB17F1,Abrolhos,ABR,Bahia,BA,Brazil,BR,Abrolhos,nesting_feeding,,,dead,hatchling,,cc_ei,,,,,Good2,tissue,arantes_2020,"cc nesting, ei and cm feeding",3RAD,K00302.86.H2CTHBBXX.8,ILLUMINA,HiSeq 4000
109,AB17F3,Abrolhos,ABR,Bahia,BA,Brazil,BR,Abrolhos,nesting_feeding,,,dead,hatchling,,cc_ei,,,,,Good2,tissue,arantes_2020,"cc nesting, ei and cm feeding",3RAD,K00302.86.H2CTHBBXX.8,ILLUMINA,HiSeq 4000
110,AB17F4,Abrolhos,ABR,Bahia,BA,Brazil,BR,Abrolhos,nesting_feeding,,,dead,hatchling,,cc_ei,,,,,Good2,tissue,arantes_2020,"cc nesting, ei and cm feeding",3RAD,K00302.86.H2CTHBBXX.8,ILLUMINA,HiSeq 4000
111,AB18F2,Abrolhos,ABR,Bahia,BA,Brazil,BR,Abrolhos,nesting_feeding,,,dead,hatchling,,cc,,,,,Good2,tissue,arantes_2020,"cc nesting, ei and cm feeding",3RAD,K00302.86.H2CTHBBXX.8,ILLUMINA,HiSeq 4000
112,AB18F3,Abrolhos,ABR,Bahia,BA,Brazil,BR,Abrolhos,nesting_feeding,,,dead,hatchling,,cc,,,,,Good1,tissue,arantes_2020,"cc nesting, ei and cm feeding",3RAD,K00302.86.H2CTHBBXX.8,ILLUMINA,HiSeq 4000
113,AB18F4,Abrolhos,ABR,Bahia,BA,Brazil,BR,Abrolhos,nesting_feeding,,,dead,hatchling,,cc,,,,,Good2,tissue,arantes_unpublished,"cc nesting, ei and cm feeding",3RAD,K00302.86.H2CTHBBXX.8,ILLUMINA,HiSeq 4000
114,AB54815,Abrolhos,ABR,Bahia,BA,Brazil,BR,Abrolhos,nesting_feeding,,,pelagic,juvenile,,ei,,,,,Good2,tissue,arantes_2020,"cc nesting, ei and cm feeding",3RAD,K00302.86.H2CTHBBXX.8,ILLUMINA,HiSeq 4000
115,AB69009,Abrolhos,ABR,Bahia,BA,Brazil,BR,Abrolhos,nesting_feeding,,,pelagic,juvenile,,ei,,,,,Bad1,tissue,arantes_2020,"cc nesting, ei and cm feeding",3RAD,K00302.86.H2CTHBBXX.8,ILLUMINA,HiSeq 4000
116,AB69099,Abrolhos,ABR,Bahia,BA,Brazil,BR,Abrolhos,nesting_feeding,,,pelagic,juvenile,,ei,,,,,Bad1,tissue,arantes_2020,"cc nesting, ei and cm feeding",3RAD,K00302.86.H2CTHBBXX.8,ILLUMINA,HiSeq 4000
117,AB69099,Abrolhos,ABR,Bahia,BA,Brazil,BR,Abrolhos,nesting_feeding,,,pelagic,juvenile,,ei,,,,,Bad3,tissue,arantes_2020,"cc nesting, ei and cm feeding",3RAD,K00302.86.H2CTHBBXX.8,ILLUMINA,HiSeq 4000
118,BA8F2,Praia do Forte,PDF,Bahia,BA,Brazil,BR,Praia do Forte,nesting,,,,hatchling,,putative_hybrid,,,,2017-12-21T00:00:00-03:00,Good1,tissue,arantes_unpublished,,3RAD,K00302.86.H2CTHBBXX.8,ILLUMINA,HiSeq 4000
119,BA8F3,Praia do Forte,PDF,Bahia,BA,Brazil,BR,Praia do Forte,nesting,,,,hatchling,,putative_hybrid,,,,2017-12-21T00:00:00-03:00,Good1,tissue,arantes_unpublished,,3RAD,K00302.86.H2CTHBBXX.8,ILLUMINA,HiSeq 4000
120,BA8F4,Praia do Forte,PDF,Bahia,BA,Brazil,BR,Praia do Forte,nesting,,,,hatchling,,putative_hybrid,,,,2017-12-21T00:00:00-03:00,Good1,tissue,arantes_unpublished,,3RAD,K00302.86.H2CTHBBXX.8,ILLUMINA,HiSeq 4000
121,BA8F5,Praia do Forte,PDF,Bahia,BA,Brazil,BR,Praia do Forte,nesting,,,,hatchling,,putative_hybrid,,,,2017-12-21T00:00:00-03:00,Good1,tissue,arantes_unpublished,,3RAD,K00302.86.H2CTHBBXX.8,ILLUMINA,HiSeq 4000
122,BA8F6,Praia do Forte,PDF,Bahia,BA,Brazil,BR,Praia do Forte,nesting,,,,hatchling,,putative_hybrid,,,,2017-12-21T00:00:00-03:00,Good1,tissue,arantes_unpublished,,3RAD,K00302.86.H2CTHBBXX.8,ILLUMINA,HiSeq 4000
123,BA146F1,Praia do Forte,PDF,Bahia,BA,Brazil,BR,Praia do Forte,nesting,,,,hatchling,,putative_hybrid,,,,2018-01-12T00:00:00-03:00,Good1,tissue,arantes_unpublished,offspring of BA439H,3RAD,K00302.86.H2CTHBBXX.8,ILLUMINA,HiSeq 4000
124,BA146F2,Praia do Forte,PDF,Bahia,BA,Brazil,BR,Praia do Forte,nesting,,,,hatchling,,putative_hybrid,,,,2018-01-12T00:00:00-03:00,Good1,tissue,arantes_unpublished,offspring of BA439H,3RAD,K00302.86.H2CTHBBXX.8,ILLUMINA,HiSeq 4000
125,BA146F4,Praia do Forte,PDF,Bahia,BA,Brazil,BR,Praia do Forte,nesting,,,,hatchling,,putative_hybrid,,,,2018-01-12T00:00:00-03:00,Good1,tissue,arantes_unpublished,offspring of BA439H,3RAD,K00302.86.H2CTHBBXX.8,ILLUMINA,HiSeq 4000
126,BA146F6,Praia do Forte,PDF,Bahia,BA,Brazil,BR,Praia do Forte,nesting,,,,hatchling,,putative_hybrid,,,,2018-01-12T00:00:00-03:00,Good1,tissue,arantes_unpublished,offspring of BA439H,3RAD,K00302.86.H2CTHBBXX.8,ILLUMINA,HiSeq 4000
127,BA439H,Praia do Forte,PDF,Bahia,BA,Brazil,BR,Praia do Forte,nesting,,,laying,adult,F,ei,1.05,0.925,,2017-11-21T21:00:00-03:00,BadgtF1,tissue,arantes_unpublished,"mother of nest 146, tumors",3RAD,K00302.86.H2CTHBBXX.8,ILLUMINA,HiSeq 4000
128,CM2,Cayenne,CAY,French Guiana,GF,French Guiana,GF,Cayenne,,,,,hatchling,,cm,,,,,default,tissue,vilaca_2022,,ddRAD,NB500882.24.HVM3VBGXX.1,ILLUMINA,NextSeq 500
129,EI01,Cayenne,CAY,French Guiana,GF,French Guiana,GF,Cayenne,,,,,hatchling,,ei,,,,,default,tissue,vilaca_2022,,ddRAD,NB500882.24.HVM3VBGXX.1,ILLUMINA,NextSeq 500
130,LO2,Cayenne,CAY,French Guiana,GF,French Guiana,GF,Cayenne,,,,,hatchling,,lo,,,,,default,tissue,vilaca_2022,,ddRAD,NB500882.24.HVM3VBGXX.1,ILLUMINA,NextSeq 500
131,LO3,Cayenne,CAY,French Guiana,GF,French Guiana,GF,Cayenne,,,,,hatchling,,lo,,,,,default,tissue,vilaca_2022,,ddRAD,NB500882.24.HVM3VBGXX.1,ILLUMINA,NextSeq 500
132,LO39,Cayenne,CAY,French Guiana,GF,French Guiana,GF,Cayenne,,,,,adult,,lo,,,,,default,tissue,vilaca_2022,,ddRAD,NB500882.24.HVM3VBGXX.1,ILLUMINA,NextSeq 500
133,LO65,Cayenne,CAY,French Guiana,GF,French Guiana,GF,Cayenne,,,,,adult,,lo,,,,,default,tissue,vilaca_2022,,ddRAD,NB500882.24.HVM3VBGXX.1,ILLUMINA,NextSeq 500
134,LO257,Cayenne,CAY,French Guiana,GF,French Guiana,GF,Cayenne,,,,,adult,,lo,,,,,default,tissue,arantes_unpublished,,ddRAD,NB500882.24.HVM3VBGXX.1,ILLUMINA,NextSeq 500
135,LO260,Cayenne,CAY,French Guiana,GF,French Guiana,GF,Cayenne,,,,,adult,,lo,,,,,default,tissue,vilaca_2022,,ddRAD,NB500882.24.HVM3VBGXX.1,ILLUMINA,NextSeq 500
136,R0023,Praia do Forte,PDF,Bahia,BA,Brazil,BR,Praia do Forte,nesting,,,,,,ei,,,,,default,tissue,vilaca_2022,,ddRAD,NB500882.22.HHGJKBGXX.1,ILLUMINA,NextSeq 500
137,R0024,Praia do Forte,PDF,Bahia,BA,Brazil,BR,Praia do Forte,nesting,,,nesting,adult,F,ei,,,,,default,tissue,vilaca_2022,,ddRAD,NB500882.22.HHGJKBGXX.1,ILLUMINA,NextSeq 500
138,R0024,Praia do Forte,PDF,Bahia,BA,Brazil,BR,Praia do Forte,nesting,,,nesting,adult,F,ei,,,,,Bad1,tissue,arantes_unpublished,,3RAD,K00302.86.H2CTHBBXX.8,ILLUMINA,HiSeq 4000
139,R0025,Praia do Forte,PDF,Bahia,BA,Brazil,BR,Praia do Forte,nesting,,,,hatchling,,ei,,,,,default,tissue,vilaca_2022,offspring of R0024,ddRAD,NB500882.22.HHGJKBGXX.1,ILLUMINA,NextSeq 500
140,R0025,Praia do Forte,PDF,Bahia,BA,Brazil,BR,Praia do Forte,nesting,,,,hatchling,,ei,,,,,BadgtF1,tissue,arantes_unpublished,offspring of R0024,3RAD,K00302.86.H2CTHBBXX.8,ILLUMINA,HiSeq 4000
141,R0027,Atol das Rocas,ADR,Rio Grande do Norte,RN,Brazil,BR,Atol das Rocas,feeding,,,,,,ei,,,,,default,tissue,vilaca_2022,,ddRAD,NB500882.22.HHGJKBGXX.1,ILLUMINA,NextSeq 500
142,R0028,Atol das Rocas,ADR,Rio Grande do Norte,RN,Brazil,BR,Atol das Rocas,feeding,,,pelagic,juvenile,,ei,,,,,Bad1,tissue,arantes_unpublished,,3RAD,K00302.86.H2CTHBBXX.8,ILLUMINA,HiSeq 4000
143,R0029,Atol das Rocas,ADR,Rio Grande do Norte,RN,Brazil,BR,Atol das Rocas,feeding,,,,,,ei,,,,,default,tissue,vilaca_2022,,ddRAD,NB500882.22.HHGJKBGXX.1,ILLUMINA,NextSeq 500
144,R0030,Atol das Rocas,ADR,Rio Grande do Norte,RN,Brazil,BR,Atol das Rocas,feeding,,,,,,ei,,,,,default,tissue,arantes_unpublished,,ddRAD,NB500882.22.HHGJKBGXX.1,ILLUMINA,NextSeq 500
145,R0031,Atol das Rocas,ADR,Rio Grande do Norte,RN,Brazil,BR,Atol das Rocas,feeding,,,pelagic,juvenile,,ei,,,,,default,tissue,vilaca_2022,,ddRAD,NB500882.22.HHGJKBGXX.1,ILLUMINA,NextSeq 500
146,R0031,Atol das Rocas,ADR,Rio Grande do Norte,RN,Brazil,BR,Atol das Rocas,feeding,,,pelagic,juvenile,,ei,,,,,Bad2,tissue,arantes_unpublished,,3RAD,K00302.86.H2CTHBBXX.8,ILLUMINA,HiSeq 4000
147,R0032,Atol das Rocas,ADR,Rio Grande do Norte,RN,Brazil,BR,Atol das Rocas,feeding,,,,,,ei,,,,,default,tissue,vilaca_2022,,ddRAD,NB500882.22.HHGJKBGXX.1,ILLUMINA,NextSeq 500
148,R0033,Atol das Rocas,ADR,Rio Grande do Norte,RN,Brazil,BR,Atol das Rocas,feeding,,,,,,ei,,,,,default,tissue,vilaca_2022,,ddRAD,NB500882.22.HHGJKBGXX.1,ILLUMINA,NextSeq 500
149,R0034,Atol das Rocas,ADR,Rio Grande do Norte,RN,Brazil,BR,Atol das Rocas,feeding,,,,,,ei,,,,,default,tissue,vilaca_2022,,ddRAD,NB500882.22.HHGJKBGXX.1,ILLUMINA,NextSeq 500
150,R0035,Atol das Rocas,ADR,Rio Grande do Norte,RN,Brazil,BR,Atol das Rocas,feeding,,,,,,ei,,,,,default,tissue,vilaca_2022,,ddRAD,NB500882.22.HHGJKBGXX.1,ILLUMINA,NextSeq 500
151,R0038,Atol das Rocas,ADR,Rio Grande do Norte,RN,Brazil,BR,Atol das Rocas,feeding,,,,,,ei,,,,,default,tissue,vilaca_2022,,ddRAD,NB500882.22.HHGJKBGXX.1,ILLUMINA,NextSeq 500
152,R0039,Atol das Rocas,ADR,Rio Grande do Norte,RN,Brazil,BR,Atol das Rocas,feeding,,,,,,ei,,,,,default,tissue,vilaca_2022,,ddRAD,NB500882.22.HHGJKBGXX.1,ILLUMINA,NextSeq 500
153,R0040,Praia do Forte,PDF,Bahia,BA,Brazil,BR,Praia do Forte,nesting,,,,juvenile,,ei,,,,,default,tissue,vilaca_2022,,ddRAD,NB500882.22.HHGJKBGXX.1,ILLUMINA,NextSeq 500
154,R0053,Praia do Forte,PDF,Bahia,BA,Brazil,BR,Praia do Forte,nesting,,,,,,ei,,,,,default,tissue,vilaca_2022,,ddRAD,NB500882.22.HHGJKBGXX.1,ILLUMINA,NextSeq 500
155,R0058,Praia do Forte,PDF,Bahia,BA,Brazil,BR,Praia do Forte,nesting,,,,,,ei,,,,,default,tissue,vilaca_2022,,ddRAD,NB500882.22.HHGJKBGXX.1,ILLUMINA,NextSeq 500
156,R0061,Praia do Forte,PDF,Bahia,BA,Brazil,BR,Praia do Forte,nesting,,,pelagic,juvenile,,ei,,,,,Good2,tissue,arantes_unpublished,,3RAD,K00302.86.H2CTHBBXX.8,ILLUMINA,HiSeq 4000
157,R0068,Atol das Rocas,ADR,Rio Grande do Norte,RN,Brazil,BR,Atol das Rocas,feeding,,,,,,ei,,,,,default,tissue,vilaca_2022,,ddRAD,NB500882.22.HHGJKBGXX.1,ILLUMINA,NextSeq 500
158,R0071,Atol das Rocas,ADR,Rio Grande do Norte,RN,Brazil,BR,Atol das Rocas,feeding,,,,,,ei,,,,,default,tissue,vilaca_2022,,ddRAD,NB500882.22.HHGJKBGXX.1,ILLUMINA,NextSeq 500
159,R0071,Atol das Rocas,ADR,Rio Grande do Norte,RN,Brazil,BR,Atol das Rocas,feeding,,,pelagic,juvenile,,ei,,,,,Bad1,tissue,arantes_unpublished,,3RAD,K00302.86.H2CTHBBXX.8,ILLUMINA,HiSeq 4000
160,R0077,Arembepe,ABP,Bahia,BA,Brazil,BR,Arembepe,nesting,,,nesting,adult,F,ei,,,,,Good1,tissue,arantes_unpublished,,3RAD,K00302.86.H2CTHBBXX.8,ILLUMINA,HiSeq 4000
161,R0078,Arembepe,ABP,Bahia,BA,Brazil,BR,Arembepe,nesting,,,nesting,adult,F,ei,,,,,Good2,tissue,arantes_unpublished,,3RAD,K00302.86.H2CTHBBXX.8,ILLUMINA,HiSeq 4000
162,R0080,Arembepe,ABP,Bahia,BA,Brazil,BR,Arembepe,nesting,,,nesting,adult,F,ei,,,,,Good1,tissue,arantes_unpublished,,3RAD,K00302.86.H2CTHBBXX.8,ILLUMINA,HiSeq 4000
163,R0081,Arembepe,ABP,Bahia,BA,Brazil,BR,Arembepe,nesting,,,,,F,ei,,,,,default,tissue,vilaca_2022,,ddRAD,NB500882.22.HHGJKBGXX.1,ILLUMINA,NextSeq 500
164,R0083,Arembepe,ABP,Bahia,BA,Brazil,BR,Arembepe,nesting,,,nesting,adult,F,ei,,,,,Good1,tissue,arantes_unpublished,,3RAD,K00302.86.H2CTHBBXX.8,ILLUMINA,HiSeq 4000
165,R0084,Arembepe,ABP,Bahia,BA,Brazil,BR,Arembepe,nesting,,,nesting,adult,F,ei,,,,,Good1,tissue,arantes_unpublished,,3RAD,K00302.86.H2CTHBBXX.8,ILLUMINA,HiSeq 4000
166,R0085,Arembepe,ABP,Bahia,BA,Brazil,BR,Arembepe,nesting,,,nesting,adult,F,ei,,,,,Good2,tissue,arantes_unpublished,,3RAD,K00302.86.H2CTHBBXX.8,ILLUMINA,HiSeq 4000
167,R0089,Arembepe,ABP,Bahia,BA,Brazil,BR,Arembepe,nesting,,,,adult,F,ei,,,,,default,tissue,vilaca_2022,,ddRAD,NB500882.22.HHGJKBGXX.1,ILLUMINA,NextSeq 500
168,R0096,Fernando de Noronha,FDN,Pernambuco,PE,Brazil,BR,Fernando de Noronha,feeding,,,pelagic,juvenile,,ei,,,,,Bad1,tissue,arantes_unpublished,,3RAD,K00302.86.H2CTHBBXX.8,ILLUMINA,HiSeq 4000
169,R0102,Fernando de Noronha,FDN,Pernambuco,PE,Brazil,BR,Fernando de Noronha,feeding,,,pelagic,juvenile,,ei,,,,,Good2,tissue,arantes_2020,,3RAD,K00302.86.H2CTHBBXX.8,ILLUMINA,HiSeq 4000
170,R0129,Fernando de Noronha,FDN,Pernambuco,PE,Brazil,BR,Fernando de Noronha,feeding,,,pelagic,juvenile,,ei,,,,,Bad2,tissue,arantes_2020,,3RAD,K00302.86.H2CTHBBXX.8,ILLUMINA,HiSeq 4000
171,R0141,Pirambu,PIR,Sergipe,SE,Brazil,BR,Pirambu,nesting,,,,adult,,ei,,,,,default,tissue,vilaca_2022,"wild, wounded, died",ddRAD,NB500882.22.HHGJKBGXX.1,ILLUMINA,NextSeq 500
172,R0141,Pirambu,PIR,Sergipe,SE,Brazil,BR,Pirambu,nesting,,,,adult,,ei,,,,,Bad1,tissue,arantes_unpublished,"wild, wounded, died",3RAD,K00302.86.H2CTHBBXX.8,ILLUMINA,HiSeq 4000
173,R0152,Pirambu,PIR,Sergipe,SE,Brazil,BR,Pirambu,nesting,,,,adult,F,ei,,,,,Bad1,tissue,arantes_unpublished,,3RAD,K00302.86.H2CTHBBXX.8,ILLUMINA,HiSeq 4000
174,R0153,Pirambu,PIR,Sergipe,SE,Brazil,BR,Pirambu,nesting,,,,adult,,ei,,,,,Bad1,tissue,arantes_unpublished,,3RAD,K00302.86.H2CTHBBXX.8,ILLUMINA,HiSeq 4000
175,R0154,Pirambu,PIR,Sergipe,SE,Brazil,BR,Pirambu,nesting,,,,adult,F,ei,,,,,default,tissue,vilaca_2022,,ddRAD,NB500882.22.HHGJKBGXX.1,ILLUMINA,NextSeq 500
176,R0154,Pirambu,PIR,Sergipe,SE,Brazil,BR,Pirambu,nesting,,,,adult,F,ei,,,,,Bad1,tissue,arantes_unpublished,,3RAD,K00302.86.H2CTHBBXX.8,ILLUMINA,HiSeq 4000
177,R0155,Natal,NAT,Rio Grande do Norte,RN,Brazil,BR,Natal,nesting,,,,,F,ei,,,,,default,tissue,vilaca_2022,,ddRAD,NB500882.22.HHGJKBGXX.1,ILLUMINA,NextSeq 500
178,R0166,Natal,NAT,Rio Grande do Norte,RN,Brazil,BR,Natal,nesting,,,,,F,ei,,,,,default,tissue,vilaca_2022,,ddRAD,NB500882.22.HHGJKBGXX.1,ILLUMINA,NextSeq 500
179,R0167,Campos,CMP,Rio de Janeiro,RJ,Brazil,BR,Campos,nesting,,,,juvenile,,ei,,,,,Bad1,tissue,arantes_unpublished,,3RAD,K00302.86.H2CTHBBXX.8,ILLUMINA,HiSeq 4000
180,R0168,Arembepe,ABP,Bahia,BA,Brazil,BR,Itapuã,nesting,,,,,M,ei,,,,,default,tissue,vilaca_2022,stranded,ddRAD,NB500882.22.HHGJKBGXX.1,ILLUMINA,NextSeq 500
181,R0169,Arembepe,ABP,Bahia,BA,Brazil,BR,Santa Maria,nesting,,,,,,ei,,,,,default,tissue,vilaca_2022,stranded,ddRAD,NB500882.22.HHGJKBGXX.1,ILLUMINA,NextSeq 500
182,R0177,Costa do Sauípe,CDS,Bahia,BA,Brazil,BR,Costa do Sauípe,nesting,,,nesting,adult,F,ei,,,,,Bad1,tissue,arantes_unpublished,,3RAD,K00302.86.H2CTHBBXX.8,ILLUMINA,HiSeq 4000
183,R0180,Arembepe,ABP,Bahia,BA,Brazil,BR,Arembepe,nesting,,,laying,adult,F,ei,,,,,Bad1,tissue,arantes_unpublished,,3RAD,K00302.86.H2CTHBBXX.8,ILLUMINA,HiSeq 4000
184,R0180,Arembepe,ABP,Bahia,BA,Brazil,BR,Arembepe,nesting,,,laying,adult,F,ei,,,,,Bad3,tissue,arantes_unpublished,,3RAD,K00302.86.H2CTHBBXX.8,ILLUMINA,HiSeq 4000
185,R0181,Arembepe,ABP,Bahia,BA,Brazil,BR,Santa Maria,nesting,,,laying,adult,F,ei,,,,,Bad1,tissue,arantes_unpublished,fibropapillomas,3RAD,K00302.86.H2CTHBBXX.8,ILLUMINA,HiSeq 4000
186,R0181,Arembepe,ABP,Bahia,BA,Brazil,BR,Santa Maria,nesting,,,laying,adult,F,ei,,,,,Bad3,tissue,arantes_unpublished,fibropapillomas,3RAD,K00302.86.H2CTHBBXX.8,ILLUMINA,HiSeq 4000
187,R0186,Arembepe,ABP,Bahia,BA,Brazil,BR,Busca Vida,nesting,,,laying,adult,F,ei,,,,,default,tissue,vilaca_2022,tracking device,ddRAD,NB500882.22.HHGJKBGXX.1,ILLUMINA,NextSeq 500
188,R0187,Arembepe,ABP,Bahia,BA,Brazil,BR,Busca Vida,nesting,,,laying,adult,F,ei,,,,,default,tissue,vilaca_2022,tracking device,ddRAD,NB500882.22.HHGJKBGXX.1,ILLUMINA,NextSeq 500
189,R0189,Arembepe,ABP,Bahia,BA,Brazil,BR,Jauá,nesting,,,laying,adult,F,ei,,,,,default,tissue,vilaca_2022,tracking device,ddRAD,NB500882.22.HHGJKBGXX.1,ILLUMINA,NextSeq 500
190,R0196,Arembepe,ABP,Bahia,BA,Brazil,BR,Arembepe Incubator,nesting,,,,hatchling,,ei,,,,,BadgtF1,tissue,arantes_unpublished,,3RAD,K00302.86.H2CTHBBXX.8,ILLUMINA,HiSeq 4000
191,R0197,Arembepe,ABP,Bahia,BA,Brazil,BR,Busca Vida,nesting,,,laying,adult,F,ei,,,,,Good2,tissue,arantes_unpublished,,3RAD,K00302.86.H2CTHBBXX.8,ILLUMINA,HiSeq 4000
192,R0201,Arembepe,ABP,Bahia,BA,Brazil,BR,Arembepe,nesting,,,laying,adult,F,ei,,,,,default,tissue,vilaca_2022,,ddRAD,NB500882.22.HHGJKBGXX.1,ILLUMINA,NextSeq 500
193,R0202,Arembepe,ABP,Bahia,BA,Brazil,BR,Busca Vida,nesting,,,laying,adult,F,ei,,,,,default,tissue,vilaca_2022,,ddRAD,NB500882.22.HHGJKBGXX.1,ILLUMINA,NextSeq 500
194,R0207,Arembepe,ABP,Bahia,BA,Brazil,BR,Santa Maria,nesting,,,laying,adult,F,ei,,,,,default,tissue,arantes_unpublished,,ddRAD,NB500882.22.HHGJKBGXX.1,ILLUMINA,NextSeq 500
195,R0218,Praia do Forte,PDF,Bahia,BA,Brazil,BR,Guarajuba,nesting,,,,,,ei,,,,,default,tissue,vilaca_2022,tracking device,ddRAD,NB500882.22.HHGJKBGXX.1,ILLUMINA,NextSeq 500
196,R0219,Arembepe,ABP,Bahia,BA,Brazil,BR,Santa Maria,nesting,,,,,,ei,,,,,default,tissue,vilaca_2022,tracking device,ddRAD,NB500882.22.HHGJKBGXX.1,ILLUMINA,NextSeq 500
197,R0227,Atol das Rocas,ADR,Rio Grande do Norte,RN,Brazil,BR,Atol das Rocas,feeding,,,pelagic,juvenile,,ei,,,,,Bad1,tissue,arantes_unpublished,,3RAD,K00302.86.H2CTHBBXX.8,ILLUMINA,HiSeq 4000
198,R0229,Atol das Rocas,ADR,Rio Grande do Norte,RN,Brazil,BR,Atol das Rocas,feeding,,,pelagic,juvenile,,ei,,,,,Bad1,tissue,arantes_unpublished,,3RAD,K00302.86.H2CTHBBXX.8,ILLUMINA,HiSeq 4000
199,R0241,Atol das Rocas,ADR,Rio Grande do Norte,RN,Brazil,BR,Atol das Rocas,feeding,,,,,,ei,,,,,default,tissue,vilaca_2022,,ddRAD,NB500882.22.HHGJKBGXX.1,ILLUMINA,NextSeq 500
200,R0242,Atol das Rocas,ADR,Rio Grande do Norte,RN,Brazil,BR,Atol das Rocas,feeding,,,pelagic,juvenile,,ei,,,,,Bad1,tissue,arantes_unpublished,,3RAD,K00302.86.H2CTHBBXX.8,ILLUMINA,HiSeq 4000
201,R0263,Praia do Forte,PDF,Bahia,BA,Brazil,BR,Praia do Forte,nesting,,,,,,ei,,,,,default,tissue,arantes_unpublished,,ddRAD,NB500882.22.HHGJKBGXX.1,ILLUMINA,NextSeq 500
202,R0264,Praia do Forte,PDF,Bahia,BA,Brazil,BR,Praia do Forte,nesting,,,,hatchling,,ei,,,,,Bad3,tissue,arantes_unpublished,"siblings from the same nest (R0264, R0265, R0267, R0268)",3RAD,K00302.86.H2CTHBBXX.8,ILLUMINA,HiSeq 4000
203,R0264,Praia do Forte,PDF,Bahia,BA,Brazil,BR,Praia do Forte,nesting,,,,hatchling,,ei,,,,,BadgtF1,tissue,arantes_unpublished,"siblings from the same nest (R0264, R0265, R0267, R0268)",3RAD,K00302.86.H2CTHBBXX.8,ILLUMINA,HiSeq 4000
204,R0265,Praia do Forte,PDF,Bahia,BA,Brazil,BR,Praia do Forte,nesting,,,,hatchling,,ei,,,,,BadgtF1,tissue,arantes_unpublished,"siblings from the same nest (R0264, R0265, R0267, R0268)",3RAD,K00302.86.H2CTHBBXX.8,ILLUMINA,HiSeq 4000
205,R0267,Praia do Forte,PDF,Bahia,BA,Brazil,BR,Praia do Forte,nesting,,,,hatchling,,ei,,,,,BadgtF1,tissue,arantes_unpublished,"siblings from the same nest (R0264, R0265, R0267, R0268)",3RAD,K00302.86.H2CTHBBXX.8,ILLUMINA,HiSeq 4000
206,R0268,Praia do Forte,PDF,Bahia,BA,Brazil,BR,Praia do Forte,nesting,,,,hatchling,,ei,,,,,Bad3,tissue,arantes_unpublished,"siblings from the same nest (R0264, R0265, R0267, R0268)",3RAD,K00302.86.H2CTHBBXX.8,ILLUMINA,HiSeq 4000
207,R0268,Praia do Forte,PDF,Bahia,BA,Brazil,BR,Praia do Forte,nesting,,,,hatchling,,ei,,,,,BadgtF1,tissue,arantes_unpublished,"siblings from the same nest (R0264, R0265, R0267, R0268)",3RAD,K00302.86.H2CTHBBXX.8,ILLUMINA,HiSeq 4000
208,R0269,Elevação do Rio Grande,ERG,South-Southeast Coast,SSC,Brazil,BR,Elevação do Rio Grande,feeding,,,pelagic,juvenile,,cc,,,,,Bad2,tissue,arantes_unpublished,fishing,3RAD,K00302.86.H2CTHBBXX.8,ILLUMINA,HiSeq 4000
209,R0270,Elevação do Rio Grande,ERG,South-Southeast Coast,SSC,Brazil,BR,Elevação do Rio Grande,feeding,,,pelagic,juvenile,,cc,,,,,Bad2,tissue,arantes_unpublished,fishing,3RAD,K00302.86.H2CTHBBXX.8,ILLUMINA,HiSeq 4000
210,R0274,Elevação do Rio Grande,ERG,South-Southeast Coast,SSC,Brazil,BR,Elevação do Rio Grande,feeding,-20.7672,-32.8711,pelagic,juvenile,,cc,,,,,Bad2,tissue,arantes_2020,fishing,3RAD,K00302.86.H2CTHBBXX.8,ILLUMINA,HiSeq 4000
211,R0275,Elevação do Rio Grande,ERG,South-Southeast Coast,SSC,Brazil,BR,Elevação do Rio Grande,feeding,-34.7961,-30.5544,pelagic,juvenile,,cc,,,,,Bad2,tissue,arantes_2020,fishing,3RAD,K00302.86.H2CTHBBXX.8,ILLUMINA,HiSeq 4000
212,R0276,Elevação do Rio Grande,ERG,South-Southeast Coast,SSC,Brazil,BR,Elevação do Rio Grande,feeding,-31.2667,-40.4667,pelagic,juvenile,,cc,,,,,default,tissue,vilaca_2022,fishing,ddRAD,NB500882.22.HHGJKBGXX.1,ILLUMINA,NextSeq 500
213,R0276,Elevação do Rio Grande,ERG,South-Southeast Coast,SSC,Brazil,BR,Elevação do Rio Grande,feeding,-31.2667,-40.4667,pelagic,juvenile,,cc,,,,,Good2,tissue,arantes_unpublished,fishing,3RAD,K00302.86.H2CTHBBXX.8,ILLUMINA,HiSeq 4000
214,R0280,Elevação do Rio Grande,ERG,South-Southeast Coast,SSC,Brazil,BR,Elevação do Rio Grande,feeding,-34.8039,-30.5631,pelagic,juvenile,,cc,,,,,Bad2,tissue,arantes_unpublished,fishing,3RAD,K00302.86.H2CTHBBXX.8,ILLUMINA,HiSeq 4000
215,R0285,Elevação do Rio Grande,ERG,South-Southeast Coast,SSC,Brazil,BR,Elevação do Rio Grande,feeding,,,pelagic,juvenile,,cc,,,,,Bad1,tissue,arantes_unpublished,fishing,3RAD,K00302.86.H2CTHBBXX.8,ILLUMINA,HiSeq 4000
216,R0286,Elevação do Rio Grande,ERG,South-Southeast Coast,SSC,Brazil,BR,Elevação do Rio Grande,feeding,,,pelagic,juvenile,,cc,,,,,Bad2,tissue,arantes_unpublished,fishing,3RAD,K00302.86.H2CTHBBXX.8,ILLUMINA,HiSeq 4000
217,R0286,Elevação do Rio Grande,ERG,South-Southeast Coast,SSC,Brazil,BR,Elevação do Rio Grande,feeding,,,pelagic,juvenile,,cc,,,,,Bad3,tissue,arantes_unpublished,fishing,3RAD,K00302.86.H2CTHBBXX.8,ILLUMINA,HiSeq 4000
218,R0287,Elevação do Rio Grande,ERG,South-Southeast Coast,SSC,Brazil,BR,Elevação do Rio Grande,feeding,,,pelagic,juvenile,,cc,,,,,Good2,tissue,arantes_unpublished,fishing,3RAD,K00302.86.H2CTHBBXX.8,ILLUMINA,HiSeq 4000
219,R0288,Elevação do Rio Grande,ERG,South-Southeast Coast,SSC,Brazil,BR,Elevação do Rio Grande,feeding,,,,,,cc,,,,,default,tissue,vilaca_2022,fishing,ddRAD,NB500882.22.HHGJKBGXX.1,ILLUMINA,NextSeq 500
220,R0292,Elevação do Rio Grande,ERG,South-Southeast Coast,SSC,Brazil,BR,Elevação do Rio Grande,feeding,,,,,,cc,,,,,default,tissue,vilaca_2022,fishing,ddRAD,NB500882.22.HHGJKBGXX.1,ILLUMINA,NextSeq 500
221,R0293,Elevação do Rio Grande,ERG,South-Southeast Coast,SSC,Brazil,BR,Elevação do Rio Grande,feeding,,,,,,cc,,,,,default,tissue,vilaca_2022,fishing,ddRAD,NB500882.22.HHGJKBGXX.1,ILLUMINA,NextSeq 500
222,R0295,Elevação do Rio Grande,ERG,South-Southeast Coast,SSC,Brazil,BR,Elevação do Rio Grande,feeding,,,,,,cc,,,,,default,tissue,vilaca_2022,fishing,ddRAD,NB500882.22.HHGJKBGXX.1,ILLUMINA,NextSeq 500
223,R0297,Elevação do Rio Grande,ERG,South-Southeast Coast,SSC,Brazil,BR,Elevação do Rio Grande,feeding,,,,,,cc,,,,,default,tissue,vilaca_2022,fishing,ddRAD,NB500882.22.HHGJKBGXX.1,ILLUMINA,NextSeq 500
224,R0302,Elevação do Rio Grande,ERG,South-Southeast Coast,SSC,Brazil,BR,Elevação do Rio Grande,feeding,,,,,,cc,,,,,default,tissue,arantes_unpublished,fishing,ddRAD,NB500882.22.HHGJKBGXX.1,ILLUMINA,NextSeq 500
225,R0303,Elevação do Rio Grande,ERG,South-Southeast Coast,SSC,Brazil,BR,Elevação do Rio Grande,feeding,,,,,,cc,,,,,default,tissue,vilaca_2022,fishing,ddRAD,NB500882.22.HHGJKBGXX.1,ILLUMINA,NextSeq 500
226,R0304,Elevação do Rio Grande,ERG,South-Southeast Coast,SSC,Brazil,BR,Elevação do Rio Grande,feeding,,,,,,cc,,,,,default,tissue,vilaca_2022,fishing,ddRAD,NB500882.22.HHGJKBGXX.1,ILLUMINA,NextSeq 500
227,R0306,Elevação do Rio Grande,ERG,South-Southeast Coast,SSC,Brazil,BR,Elevação do Rio Grande,feeding,,,,,,cc,,,,,default,tissue,vilaca_2022,"fishing, only one flipper",ddRAD,NB500882.24.HVM3VBGXX.1,ILLUMINA,NextSeq 500
228,R0331,Elevação do Rio Grande,ERG,South-Southeast Coast,SSC,Brazil,BR,Elevação do Rio Grande,feeding,,,,,,cc,,,,,default,tissue,vilaca_2022,fishing,ddRAD,NB500882.24.HVM3VBGXX.1,ILLUMINA,NextSeq 500
229,R0335,Elevação do Rio Grande,ERG,South-Southeast Coast,SSC,Brazil,BR,Elevação do Rio Grande,feeding,,,pelagic,juvenile,,cc,,,,,Bad2,tissue,arantes_unpublished,fishing,3RAD,K00302.86.H2CTHBBXX.8,ILLUMINA,HiSeq 4000
230,Cm245,Marie-Galante,MAG,Guadeloupe,GP,Guadeloupe,GP,Marie-Galante,nesting,,,,adult,,cm,,,,,default,tissue,vilaca_2022,,ddRAD,NB500882.24.HVM3VBGXX.1,ILLUMINA,NextSeq 500
231,R0340,Elevação do Rio Grande,ERG,South-Southeast Coast,SSC,Brazil,BR,Elevação do Rio Grande,feeding,,,pelagic,juvenile,,cc,,,,,Bad2,tissue,arantes_unpublished,fishing,3RAD,K00302.86.H2CTHBBXX.8,ILLUMINA,HiSeq 4000
232,R0343,Elevação do Rio Grande,ERG,South-Southeast Coast,SSC,Brazil,BR,Elevação do Rio Grande,feeding,,,,,,cc,,,,,default,tissue,arantes_unpublished,fishing,ddRAD,NB500882.22.HHGJKBGXX.1,ILLUMINA,NextSeq 500
233,R0365,Elevação do Rio Grande,ERG,South-Southeast Coast,SSC,Brazil,BR,Elevação do Rio Grande,feeding,-28.212,-46.2364,pelagic,juvenile,,cc,,,,,Bad2,tissue,arantes_unpublished,fishing,3RAD,K00302.86.H2CTHBBXX.8,ILLUMINA,HiSeq 4000
234,R0370,Elevação do Rio Grande,ERG,South-Southeast Coast,SSC,Brazil,BR,Elevação do Rio Grande,feeding,,,,,,cc,,,,,default,tissue,vilaca_2022,fishing,ddRAD,NB500882.22.HHGJKBGXX.1,ILLUMINA,NextSeq 500
235,R375,Le Lorrain,LLR,Martinique,MQ,Martinique,MQ,Le Lorrain,,,,,adult,,cm,,,,,default,tissue,vilaca_2022,,ddRAD,NB500882.24.HVM3VBGXX.1,ILLUMINA,NextSeq 500
236,R0381,Elevação do Rio Grande,ERG,South-Southeast Coast,SSC,Brazil,BR,Elevação do Rio Grande,feeding,,,pelagic,juvenile,,cc,,,,,Good2,tissue,arantes_unpublished,fishing,3RAD,K00302.86.H2CTHBBXX.8,ILLUMINA,HiSeq 4000
237,R0382,Elevação do Rio Grande,ERG,South-Southeast Coast,SSC,Brazil,BR,Elevação do Rio Grande,feeding,,,pelagic,juvenile,,cc,,,,,Bad2,tissue,arantes_unpublished,fishing,3RAD,K00302.86.H2CTHBBXX.8,ILLUMINA,HiSeq 4000
238,R0384,Ubatuba,UBT,São Paulo,SP,Brazil,BR,Ubatuba,feeding,,,pelagic,juvenile,,cc,,,,,Bad1,tissue,arantes_unpublished,stranded,3RAD,K00302.86.H2CTHBBXX.8,ILLUMINA,HiSeq 4000
239,SE63,Bacia de Campos,BCM,Rio de Janeiro,RJ,Brazil,BR,Farol,nesting,,,nesting,adult,F,cc,,,,2003-11-28T00:00:00-03:00,Good2,tissue,arantes_unpublished,UERJ,3RAD,K00302.86.H2CTHBBXX.8,ILLUMINA,HiSeq 4000
240,SE64,Bacia de Campos,BCM,Rio de Janeiro,RJ,Brazil,BR,Farol,nesting,,,nesting,adult,F,cc,,,,2003-12-01T00:00:00-03:00,Bad2,tissue,arantes_unpublished,UERJ,3RAD,K00302.86.H2CTHBBXX.8,ILLUMINA,HiSeq 4000
241,SE64,Bacia de Campos,BCM,Rio de Janeiro,RJ,Brazil,BR,Farol,nesting,,,nesting,adult,F,cc,,,,2003-12-01T00:00:00-03:00,Bad3,tissue,arantes_unpublished,UERJ,3RAD,K00302.86.H2CTHBBXX.8,ILLUMINA,HiSeq 4000
242,SE65,Pirambu,PIR,Sergipe,SE,Brazil,BR,Pirambu,nesting,,,nesting,adult,F,cc,,,,2004-10-16T00:00:00-03:00,Good2,tissue,arantes_unpublished,UERJ,3RAD,K00302.86.H2CTHBBXX.8,ILLUMINA,HiSeq 4000
243,SE68,Pirambu,PIR,Sergipe,SE,Brazil,BR,Pirambu,nesting,,,nesting,adult,F,cc,,,,2004-11-16T00:00:00-03:00,Good2,tissue,arantes_unpublished,UERJ,3RAD,K00302.86.H2CTHBBXX.8,ILLUMINA,HiSeq 4000
244,SE71,Pirambu,PIR,Sergipe,SE,Brazil,BR,Pirambu,nesting,,,nesting,adult,F,cc,,,,2004-11-28T00:00:00-03:00,Good2,tissue,arantes_unpublished,UERJ,3RAD,K00302.86.H2CTHBBXX.8,ILLUMINA,HiSeq 4000
245,SE74,Pirambu,PIR,Sergipe,SE,Brazil,BR,Pirambu,nesting,,,nesting,adult,F,cc,,,,2005-01-04T00:00:00-03:00,Bad1,tissue,arantes_unpublished,UERJ,3RAD,K00302.86.H2CTHBBXX.8,ILLUMINA,HiSeq 4000
246,SE77,Pirambu,PIR,Sergipe,SE,Brazil,BR,Pirambu,nesting,,,nesting,adult,F,cc_lo,,,,2005-02-10T00:00:00-03:00,Good1,tissue,arantes_unpublished,"UERJ, lo behaviour",3RAD,K00302.86.H2CTHBBXX.8,ILLUMINA,HiSeq 4000
247,SE79,Pirambu,PIR,Sergipe,SE,Brazil,BR,Pirambu,nesting,,,nesting,adult,F,cc,,,,2005-02-28T00:00:00-03:00,Bad1,tissue,arantes_unpublished,UERJ,3RAD,K00302.86.H2CTHBBXX.8,ILLUMINA,HiSeq 4000
248,SE79,Pirambu,PIR,Sergipe,SE,Brazil,BR,Pirambu,nesting,,,nesting,adult,F,cc,,,,2005-02-28T00:00:00-03:00,Bad3,tissue,arantes_unpublished,UERJ,3RAD,K00302.86.H2CTHBBXX.8,ILLUMINA,HiSeq 4000
249,SE81,Bacia de Campos,BCM,Rio de Janeiro,RJ,Brazil,BR,Farol,nesting,,,nesting,adult,F,cc,,,,2005-11-17T00:00:00-03:00,Bad2,tissue,arantes_unpublished,UERJ,3RAD,K00302.86.H2CTHBBXX.8,ILLUMINA,HiSeq 4000
250,SE82,Bacia de Campos,BCM,Rio de Janeiro,RJ,Brazil,BR,Farol,nesting,,,nesting,adult,F,cc,,,,2006-01-11T00:00:00-03:00,Good2,tissue,arantes_2020,UERJ,3RAD,K00302.86.H2CTHBBXX.8,ILLUMINA,HiSeq 4000
251,SE91,Pirambu,PIR,Sergipe,SE,Brazil,BR,Pirambu,nesting,,,nesting,adult,F,cc,,,,2005-10-27T00:00:00-03:00,Bad2,tissue,arantes_unpublished,UERJ,3RAD,K00302.86.H2CTHBBXX.8,ILLUMINA,HiSeq 4000
252,SE93,Pirambu,PIR,Sergipe,SE,Brazil,BR,Pirambu,nesting,,,nesting,adult,F,cc,,,,2005-10-31T00:00:00-03:00,Good1,tissue,arantes_unpublished,UERJ,3RAD,K00302.86.H2CTHBBXX.8,ILLUMINA,HiSeq 4000
253,SE95,Abaís,ABA,Sergipe,SE,Brazil,BR,Abaís,nesting,,,nesting,adult,F,cc,,,,2005-11-06T00:00:00-03:00,Bad2,tissue,arantes_unpublished,UERJ,3RAD,K00302.86.H2CTHBBXX.8,ILLUMINA,HiSeq 4000
254,SE96,Abaís,ABA,Sergipe,SE,Brazil,BR,Abaís,nesting,,,nesting,adult,F,cc,,,,2005-11-08T00:00:00-03:00,Bad1,tissue,arantes_unpublished,UERJ,3RAD,K00302.86.H2CTHBBXX.8,ILLUMINA,HiSeq 4000
255,SE103,Ponta dos Mangues,PDM,Sergipe,SE,Brazil,BR,Ponta dos Mangues,nesting,,,nesting,adult,F,cc,,,,2005-12-13T00:00:00-03:00,Good2,tissue,arantes_unpublished,UERJ,3RAD,K00302.86.H2CTHBBXX.8,ILLUMINA,HiSeq 4000
256,SE105,Pirambu,PIR,Sergipe,SE,Brazil,BR,Pirambu,nesting,,,nesting,adult,F,cc,,,,2005-12-31T00:00:00-03:00,Good2,tissue,arantes_2020,UERJ,3RAD,K00302.86.H2CTHBBXX.8,ILLUMINA,HiSeq 4000
257,SE113,Pirambu,PIR,Sergipe,SE,Brazil,BR,Pirambu,nesting,,,nesting,adult,F,cc,,,,2006-02-02T00:00:00-03:00,Good2,tissue,arantes_unpublished,UERJ,3RAD,K00302.86.H2CTHBBXX.8,ILLUMINA,HiSeq 4000
258,SE119,Pirambu,PIR,Sergipe,SE,Brazil,BR,Pirambu,nesting,,,nesting,adult,F,cc_lo,,,,2006-03-08T00:00:00-03:00,Good1,tissue,arantes_unpublished,"UERJ, lo behaviour, cc x lo morphology",3RAD,K00302.86.H2CTHBBXX.8,ILLUMINA,HiSeq 4000
259,SE121,Pirambu,PIR,Sergipe,SE,Brazil,BR,Pirambu,nesting,,,nesting,adult,F,cc_lo,,,,2006-01-05T00:00:00-03:00,Good1,tissue,arantes_unpublished,UERJ,3RAD,K00302.86.H2CTHBBXX.8,ILLUMINA,HiSeq 4000
260,SE871,Abaís,ABA,Sergipe,SE,Brazil,BR,Abaís,nesting,,,nesting,adult,F,cc,1.01,0.93,,2009-12-08T01:09:00-03:00,Bad2,tissue,arantes_unpublished,UFES,3RAD,K00302.86.H2CTHBBXX.8,ILLUMINA,HiSeq 4000
261,SE871,Abaís,ABA,Sergipe,SE,Brazil,BR,Abaís,nesting,,,nesting,adult,F,cc,1.01,0.93,,2009-12-08T01:09:00-03:00,Bad3,tissue,arantes_unpublished,UFES,3RAD,K00302.86.H2CTHBBXX.8,ILLUMINA,HiSeq 4000
262,SE950,Pirambu,PIR,Sergipe,SE,Brazil,BR,Pirambu,nesting,,,nesting,adult,F,cc,0.9,0.85,,2007-12-15T15:47:00-03:00,Bad1,tissue,arantes_unpublished,UFES,3RAD,K00302.86.H2CTHBBXX.8,ILLUMINA,HiSeq 4000
263,SE1003,Abaís,ABA,Sergipe,SE,Brazil,BR,Abaís,nesting,,,nesting,adult,F,cc,0.96,0.87,,2009-12-17T01:44:00-03:00,Bad2,tissue,arantes_2020,UFES,3RAD,K00302.86.H2CTHBBXX.8,ILLUMINA,HiSeq 4000
264,SE1047,Abaís,ABA,Sergipe,SE,Brazil,BR,Abaís,nesting,,,nesting,adult,F,cc,0.98,0.98,,2009-12-20T23:03:00-03:00,Bad2,tissue,arantes_unpublished,UFES,3RAD,K00302.86.H2CTHBBXX.8,ILLUMINA,HiSeq 4000
265,SE1106,Abaís,ABA,Sergipe,SE,Brazil,BR,Abaís,nesting,,,nesting,adult,F,cc,0.955,0.87,,2009-12-23T23:13:00-03:00,Bad2,tissue,arantes_unpublished,UFES,3RAD,K00302.86.H2CTHBBXX.8,ILLUMINA,HiSeq 4000
266,SE1106,Abaís,ABA,Sergipe,SE,Brazil,BR,Abaís,nesting,,,nesting,adult,F,cc,0.955,0.87,,2009-12-23T23:13:00-03:00,Bad3,tissue,arantes_unpublished,UFES,3RAD,K00302.86.H2CTHBBXX.8,ILLUMINA,HiSeq 4000
267,SE1739,Arembepe,ABP,Bahia,BA,Brazil,BR,Busca Vida,nesting,,,nesting,adult,F,cc,1.02,0.94,,2007-02-01T23:00:00-03:00,Bad2,tissue,arantes_unpublished,UFES,3RAD,K00302.86.H2CTHBBXX.8,ILLUMINA,HiSeq 4000
268,SE1739,Arembepe,ABP,Bahia,BA,Brazil,BR,Busca Vida,nesting,,,nesting,adult,F,cc,1.02,0.94,,2007-02-01T23:00:00-03:00,Bad3,tissue,arantes_unpublished,UFES,3RAD,K00302.86.H2CTHBBXX.8,ILLUMINA,HiSeq 4000
269,SE2194,Ponta dos Mangues,PDM,Sergipe,SE,Brazil,BR,Ponta dos Mangues,nesting,,,nesting,adult,F,cc_lo,0.89,0.86,,2011-02-22T22:50:00-03:00,Bad2,tissue,arantes_unpublished,UFES,3RAD,K00302.86.H2CTHBBXX.8,ILLUMINA,HiSeq 4000
270,SE2194,Ponta dos Mangues,PDM,Sergipe,SE,Brazil,BR,Ponta dos Mangues,nesting,,,nesting,adult,F,cc_lo,0.89,0.86,,2011-02-22T22:50:00-03:00,Bad3,tissue,arantes_unpublished,UFES,3RAD,K00302.86.H2CTHBBXX.8,ILLUMINA,HiSeq 4000
271,SE2264,Ponta dos Mangues,PDM,Sergipe,SE,Brazil,BR,Ponta dos Mangues,nesting,,,nesting,adult,F,cc,1.07,0.905,,2011-02-26T01:10:00-03:00,Bad2,tissue,arantes_unpublished,UFES,3RAD,K00302.86.H2CTHBBXX.8,ILLUMINA,HiSeq 4000
272,SE2278,Pirambu,PIR,Sergipe,SE,Brazil,BR,Pirambu,nesting,,,nesting,adult,F,cc,,0.94,,2011-02-24T20:37:00-03:00,Bad2,tissue,arantes_unpublished,UFES,3RAD,K00302.86.H2CTHBBXX.8,ILLUMINA,HiSeq 4000
273,SE2384,Pirambu,PIR,Sergipe,SE,Brazil,BR,Pirambu,nesting,,,nesting,adult,F,cc,1.08,0.96,,2011-03-09T21:24:00-03:00,Bad2,tissue,arantes_unpublished,UFES,3RAD,K00302.86.H2CTHBBXX.8,ILLUMINA,HiSeq 4000
